INSERT INTO products (id, name, size, unique_code)
VALUES  (1,'Рубашка', 'XL', 'q1w2e43'),
        (2,'Блузка', 'XL', 'q1w2e44'),
        (3,'Обувь Мужская', 'XL', 'q1w2e45'),
        (4,'Рубашка', 'XL', 'q1w2e46'),
        (5,'Брюки классические', 'M', 'q1w2e47'),
        (6,'Брюки спортивные', 'M', 'q1w2e48'),
        (7,'Костюм спортивный', 'XL', 'q1w2e49'),
        (8,'Футболка', 'XL', 'q1w2e50'),
        (9,'Джемпер', 'XL', 'q1w2e51'),
        (10,'Свитшот', 'XL', 'q1w2e52'),
        (11,'Куртка', 'L', 'q1w2e53'),
        (12,'Шорты спортивные', 'M', 'q1w2e54'),
        (13,'Платье вечернее', 'S', 'q1w2e55'),
        (14,'Джинсы', 'XXL', 'q1w2e56'),
        (15,'Кроссовки', 'L', 'q1w2e57'),
        (16,'Пиджак', 'L', 'q1w2e58'),
        (17,'Шарф', '42', 'q1w2e59'),
        (18,'Спортивная футболка', 'M', 'q1w2e60'),
        (19,'Юбка', 'S', 'q1w2e61'),
        (20,'Пуловер', 'L', 'q1w2e62');

INSERT INTO warehouses (id, name, is_available)
VALUES (1,'Центральный склад', true),
       (2,'Северный склад', true),
       (3,'Глобальный склад', true),
       (4,'Западный склад', true),
       (5,'Северный склад', true),
       (6,'Центральный склад', false),
       (7,'Южный склад', true),
       (8,'Восточный склад', false),
       (9,'Склад в Сибири', true),
       (10,'Уральский склад', true),
       (11,'Склад на Дальнем Востоке', false),
       (12,'Московский центральный склад', true),
       (13,'Склад на Байкале', true);

INSERT INTO warehouse_products (warehouse_id, product_id, quantity)
VALUES (1, 1, 100),     (2, 1, 50),     (3, 1, 75),
       (4, 2, 80),      (5, 2, 30),     (6, 3, 60),
       (7, 3, 90),      (8, 4, 40),     (9, 5, 120),
       (10, 6, 70),     (11, 7, 85),    (12, 8, 110),
       (13, 9, 95),     (13, 10, 55),   (1, 11, 60),
       (2, 12, 40),     (3, 13, 25),    (4, 14, 70),
       (5, 15, 180),    (1, 2, 120),    (1, 3, 199),
       (1, 4, 80),      (1, 5, 70),     (1, 6, 50);